<?xml version="1.0" encoding="UTF-8"?>
<project-private xmlns="http://www.netbeans.org/ns/project-private/1">
    <editor-bookmarks xmlns="http://www.netbeans.org/ns/editor-bookmarks/2" lastBookmarkId="0"/>
    <open-files xmlns="http://www.netbeans.org/ns/projectui-open-files/2">
        <group>
            <file>file:/C:/Users/Miky/Downloads/ChatP2P/src/chatp2p/DatiCondivisi.java</file>
            <file>file:/C:/Users/Miky/Downloads/ChatP2P/src/chatp2p/Grafica.java</file>
            <file>file:/C:/Users/Miky/Downloads/ChatP2P/src/chatp2p/Client.java</file>
            <file>file:/C:/Users/Miky/Downloads/ChatP2P/src/chatp2p/Server.java</file>
        </group>
    </open-files>
</project-private>
